{
  "$schema": "https://developer.microsoft.com/json-schemas/fabric/item/report/definition/visualContainer/2.4.0/schema.json",
  "name": "68344e1f30c908c1a9ce",
  "position": {
    "x": 535.60066873656558,
    "y": 271.46883209935515,
    "z": 1000,
    "height": 177.31072366849773,
    "width": 261.68617148316218,
    "tabOrder": 1000
  },
  "visual": {
    "visualType": "card",
    "query": {
      "queryState": {
        "Values": {
          "projections": [
            {
              "field": {
                "Measure": {
                  "Expression": {
                    "SourceRef": {
                      "Entity": "Order_details"
                    }
                  },
                  "Property": "Average Order Value"
                }
              },
              "queryRef": "Order_details.Average Order Value",
              "nativeQueryRef": "Average Order Value"
            }
          ]
        }
      },
      "sortDefinition": {
        "sort": [
          {
            "field": {
              "Measure": {
                "Expression": {
                  "SourceRef": {
                    "Entity": "Order_details"
                  }
                },
                "Property": "Average Order Value"
              }
            },
            "direction": "Descending"
          }
        ],
        "isDefaultSort": true
      }
    },
    "drillFilterOtherVisuals": true
  }
}