{
  "$schema": "https://developer.microsoft.com/json-schemas/fabric/item/report/definition/visualContainer/2.4.0/schema.json",
  "name": "702440698d3365663d9a",
  "position": {
    "x": 282.47432529257225,
    "y": 0,
    "z": 10000,
    "height": 222.55552901839027,
    "width": 261.68617148316218,
    "tabOrder": 10000
  },
  "visual": {
    "visualType": "card",
    "query": {
      "queryState": {
        "Values": {
          "projections": [
            {
              "field": {
                "Measure": {
                  "Expression": {
                    "SourceRef": {
                      "Entity": "Order_details"
                    }
                  },
                  "Property": "Total Sales All"
                }
              },
              "queryRef": "Order_details.Total Sales All",
              "nativeQueryRef": "Total Sales All"
            }
          ]
        }
      },
      "sortDefinition": {
        "sort": [
          {
            "field": {
              "Measure": {
                "Expression": {
                  "SourceRef": {
                    "Entity": "Order_details"
                  }
                },
                "Property": "Total Sales All"
              }
            },
            "direction": "Descending"
          }
        ],
        "isDefaultSort": true
      }
    },
    "drillFilterOtherVisuals": true
  }
}