{
  "$schema": "https://developer.microsoft.com/json-schemas/fabric/item/report/definition/visualContainer/2.4.0/schema.json",
  "name": "6f937d3aeb48096d9840",
  "position": {
    "x": 148.25330122847109,
    "y": 67.844731070656252,
    "z": 0,
    "height": 472.40034967716207,
    "width": 933.4932441758815,
    "tabOrder": 0
  },
  "visual": {
    "visualType": "pivotTable",
    "query": {
      "queryState": {
        "Rows": {
          "projections": [
            {
              "field": {
                "Column": {
                  "Expression": {
                    "SourceRef": {
                      "Entity": "User_details"
                    }
                  },
                  "Property": "City"
                }
              },
              "queryRef": "User_details.City",
              "nativeQueryRef": "City",
              "active": true
            },
            {
              "field": {
                "Column": {
                  "Expression": {
                    "SourceRef": {
                      "Entity": "User_details"
                    }
                  },
                  "Property": "Age group"
                }
              },
              "queryRef": "User_details.Age group",
              "nativeQueryRef": "Age group",
              "active": true
            },
            {
              "field": {
                "Column": {
                  "Expression": {
                    "SourceRef": {
                      "Entity": "User_details"
                    }
                  },
                  "Property": "Gender"
                }
              },
              "queryRef": "User_details.Gender",
              "nativeQueryRef": "Gender",
              "active": true
            }
          ]
        },
        "Values": {
          "projections": [
            {
              "field": {
                "Measure": {
                  "Expression": {
                    "SourceRef": {
                      "Entity": "Order_details"
                    }
                  },
                  "Property": "Average Order Value"
                }
              },
              "queryRef": "Order_details.Average Order Value",
              "nativeQueryRef": "Average Order Value"
            },
            {
              "field": {
                "Aggregation": {
                  "Expression": {
                    "Column": {
                      "Expression": {
                        "SourceRef": {
                          "Entity": "Delivery_details"
                        }
                      },
                      "Property": "Order Id"
                    }
                  },
                  "Function": 5
                }
              },
              "queryRef": "Min(Delivery_details.Order Id)",
              "nativeQueryRef": "Count of Order Id"
            },
            {
              "field": {
                "Measure": {
                  "Expression": {
                    "SourceRef": {
                      "Entity": "Order_details"
                    }
                  },
                  "Property": "Total Sales"
                }
              },
              "queryRef": "Order_details.Total Sales",
              "nativeQueryRef": "Total Sales"
            }
          ]
        }
      }
    },
    "expansionStates": [
      {
        "roles": [
          "Rows"
        ],
        "levels": [
          {
            "queryRefs": [
              "User_details.City"
            ],
            "isCollapsed": true,
            "identityKeys": [
              {
                "Column": {
                  "Expression": {
                    "SourceRef": {
                      "Entity": "User_details"
                    }
                  },
                  "Property": "City"
                }
              }
            ],
            "isPinned": true
          },
          {
            "queryRefs": [
              "User_details.Age group"
            ],
            "isCollapsed": true,
            "identityKeys": [
              {
                "Column": {
                  "Expression": {
                    "SourceRef": {
                      "Entity": "User_details"
                    }
                  },
                  "Property": "Age group"
                }
              }
            ],
            "isPinned": true
          },
          {
            "queryRefs": [
              "User_details.Gender"
            ],
            "isCollapsed": true,
            "isPinned": true
          }
        ],
        "root": {
          "children": [
            {
              "identityValues": [
                {
                  "Literal": {
                    "Value": "'Metropolitian'"
                  }
                }
              ],
              "isToggled": true,
              "children": [
                {
                  "identityValues": [
                    {
                      "Literal": {
                        "Value": "'Senior'"
                      }
                    }
                  ],
                  "isToggled": true
                }
              ]
            }
          ]
        }
      }
    ],
    "drillFilterOtherVisuals": true
  }
}