{
  "$schema": "https://developer.microsoft.com/json-schemas/fabric/item/report/definition/visualContainer/2.4.0/schema.json",
  "name": "57d0dfb10caea8278230",
  "position": {
    "x": 18.342488655361834,
    "y": 0,
    "z": 9000,
    "height": 152.8540721280153,
    "width": 220.109863864342,
    "tabOrder": 9000
  },
  "visual": {
    "visualType": "textbox",
    "objects": {
      "general": [
        {
          "properties": {
            "paragraphs": [
              {
                "textRuns": [
                  {
                    "value": "ZestyEats Performance View",
                    "textStyle": {
                      "fontWeight": "bold",
                      "fontFamily": "Times New Roman",
                      "fontStyle": "italic",
                      "fontSize": "24pt",
                      "color": "#50005c"
                    }
                  }
                ]
              }
            ]
          }
        }
      ]
    },
    "drillFilterOtherVisuals": true
  }
}