{
  "$schema": "https://developer.microsoft.com/json-schemas/fabric/item/report/definition/visualContainer/2.4.0/schema.json",
  "name": "08c4c0ce14027e63e60c",
  "position": {
    "x": 1017.02301151494,
    "y": 3.008943821050118,
    "z": 6000,
    "height": 177.52768544195698,
    "width": 263.28258434188535,
    "tabOrder": 6000
  },
  "visual": {
    "visualType": "card",
    "query": {
      "queryState": {
        "Values": {
          "projections": [
            {
              "field": {
                "Measure": {
                  "Expression": {
                    "SourceRef": {
                      "Entity": "Order_details"
                    }
                  },
                  "Property": "On-time Delivery % All"
                }
              },
              "queryRef": "Order_details.On-time Delivery % All",
              "nativeQueryRef": "On-Time Delivery % All"
            }
          ]
        }
      },
      "sortDefinition": {
        "sort": [
          {
            "field": {
              "Measure": {
                "Expression": {
                  "SourceRef": {
                    "Entity": "Order_details"
                  }
                },
                "Property": "On-time Delivery % All"
              }
            },
            "direction": "Descending"
          }
        ],
        "isDefaultSort": true
      }
    },
    "drillFilterOtherVisuals": true
  }
}