{
  "$schema": "https://developer.microsoft.com/json-schemas/fabric/item/report/definition/visualContainer/2.4.0/schema.json",
  "name": "24abc42da023e581c406",
  "position": {
    "x": 358.28994506806782,
    "y": 0,
    "z": 0,
    "height": 44.0219727728684,
    "width": 562.50298543109625,
    "tabOrder": 0
  },
  "visual": {
    "visualType": "textbox",
    "objects": {
      "general": [
        {
          "properties": {
            "paragraphs": [
              {
                "textRuns": [
                  {
                    "value": "ZestyEats Performance View",
                    "textStyle": {
                      "fontWeight": "bold",
                      "fontFamily": "Times New Roman",
                      "fontStyle": "italic",
                      "fontSize": "24pt",
                      "color": "#50005c"
                    }
                  }
                ],
                "horizontalTextAlignment": "center"
              }
            ]
          }
        }
      ]
    },
    "drillFilterOtherVisuals": true
  }
}