{
  "$schema": "https://developer.microsoft.com/json-schemas/fabric/item/report/definition/visualContainer/2.4.0/schema.json",
  "name": "8685dd82ecaee68d8a9b",
  "position": {
    "x": 138.20222995874423,
    "y": 60.30642761836112,
    "z": 1000,
    "height": 314.09597717896418,
    "width": 525.16847384322807,
    "tabOrder": 1000
  },
  "visual": {
    "visualType": "lineClusteredColumnComboChart",
    "query": {
      "queryState": {
        "Category": {
          "projections": [
            {
              "field": {
                "Column": {
                  "Expression": {
                    "SourceRef": {
                      "Entity": "Delivery_details"
                    }
                  },
                  "Property": "Road Traffic Density"
                }
              },
              "queryRef": "Delivery_details.Road Traffic Density",
              "nativeQueryRef": "Road Traffic Density",
              "active": true
            }
          ]
        },
        "Y": {
          "projections": [
            {
              "field": {
                "Aggregation": {
                  "Expression": {
                    "Column": {
                      "Expression": {
                        "SourceRef": {
                          "Entity": "Delivery_details"
                        }
                      },
                      "Property": "Road Traffic Density"
                    }
                  },
                  "Function": 5
                }
              },
              "queryRef": "CountNonNull(Delivery_details.Road Traffic Density)",
              "nativeQueryRef": "Road Traffic Density1",
              "displayName": "Road Traffic Density"
            }
          ]
        },
        "Y2": {
          "projections": [
            {
              "field": {
                "Aggregation": {
                  "Expression": {
                    "Column": {
                      "Expression": {
                        "SourceRef": {
                          "Entity": "Delivery_details"
                        }
                      },
                      "Property": "Delivery Person Ratings"
                    }
                  },
                  "Function": 1
                }
              },
              "queryRef": "Sum(Delivery_details.Delivery Person Ratings)",
              "nativeQueryRef": "Average Delivery Rating",
              "displayName": "Average Delivery Rating"
            }
          ]
        }
      },
      "sortDefinition": {
        "sort": [
          {
            "field": {
              "Aggregation": {
                "Expression": {
                  "Column": {
                    "Expression": {
                      "SourceRef": {
                        "Entity": "Delivery_details"
                      }
                    },
                    "Property": "Road Traffic Density"
                  }
                },
                "Function": 5
              }
            },
            "direction": "Descending"
          }
        ],
        "isDefaultSort": true
      }
    },
    "objects": {
      "categoryAxis": [
        {
          "properties": {
            "showAxisTitle": {
              "expr": {
                "Literal": {
                  "Value": "true"
                }
              }
            }
          }
        }
      ],
      "valueAxis": [
        {
          "properties": {
            "showAxisTitle": {
              "expr": {
                "Literal": {
                  "Value": "true"
                }
              }
            },
            "secTitleText": {
              "expr": {
                "Literal": {
                  "Value": "'Average Delivery Rating'"
                }
              }
            },
            "titleText": {
              "expr": {
                "Literal": {
                  "Value": "'Road Traffic Density'"
                }
              }
            }
          }
        }
      ],
      "legend": [
        {
          "properties": {
            "titleText": {
              "expr": {
                "Literal": {
                  "Value": "''"
                }
              }
            }
          }
        }
      ]
    },
    "visualContainerObjects": {
      "title": [
        {
          "properties": {
            "text": {
              "expr": {
                "Literal": {
                  "Value": "'Delivery performance'"
                }
              }
            }
          }
        }
      ],
      "border": [
        {
          "properties": {
            "show": {
              "expr": {
                "Literal": {
                  "Value": "true"
                }
              }
            }
          }
        }
      ]
    },
    "drillFilterOtherVisuals": true
  }
}