{
  "$schema": "https://developer.microsoft.com/json-schemas/fabric/item/report/definition/page/2.0.0/schema.json",
  "name": "e49c8a25084fad024b72",
  "displayName": "KPIs",
  "displayOption": "FitToPage",
  "height": 720,
  "width": 1280,
  "objects": {
    "outspacePane": [
      {
        "properties": {
          "titleSize": {
            "expr": {
              "Literal": {
                "Value": "12L"
              }
            }
          },
          "headerSize": {
            "expr": {
              "Literal": {
                "Value": "9L"
              }
            }
          }
        }
      }
    ],
    "filterCard": [
      {
        "properties": {
          "textSize": {
            "expr": {
              "Literal": {
                "Value": "9L"
              }
            }
          }
        },
        "selector": {
          "id": "Available"
        }
      }
    ]
  }
}