{
  "$schema": "https://developer.microsoft.com/json-schemas/fabric/item/report/definition/visualContainer/2.4.0/schema.json",
  "name": "88b5454b103288868928",
  "position": {
    "x": 196.8760449008837,
    "y": 66.0329591593026,
    "z": 1000,
    "height": 293.47981848578934,
    "width": 530.7093384284691,
    "tabOrder": 1000
  },
  "visual": {
    "visualType": "columnChart",
    "query": {
      "queryState": {
        "Category": {
          "projections": [
            {
              "field": {
                "Column": {
                  "Expression": {
                    "SourceRef": {
                      "Entity": "Restaurant_details"
                    }
                  },
                  "Property": "Food Category"
                }
              },
              "queryRef": "Restaurant_details.Food Category",
              "nativeQueryRef": "Food Category",
              "active": true
            }
          ]
        },
        "Series": {
          "projections": [
            {
              "field": {
                "Column": {
                  "Expression": {
                    "SourceRef": {
                      "Entity": "Order_details"
                    }
                  },
                  "Property": "Order Value Category"
                }
              },
              "queryRef": "Order_details.Order Value Category",
              "nativeQueryRef": "Order Value Category"
            }
          ]
        },
        "Tooltips": {
          "projections": [
            {
              "field": {
                "Measure": {
                  "Expression": {
                    "SourceRef": {
                      "Entity": "Order_details"
                    }
                  },
                  "Property": "Total Sales"
                }
              },
              "queryRef": "Order_details.Total Sales",
              "nativeQueryRef": "Total Sales"
            }
          ]
        },
        "Y": {
          "projections": [
            {
              "field": {
                "Aggregation": {
                  "Expression": {
                    "Column": {
                      "Expression": {
                        "SourceRef": {
                          "Entity": "Order_details"
                        }
                      },
                      "Property": "Order Id"
                    }
                  },
                  "Function": 5
                }
              },
              "queryRef": "CountNonNull(Order_details.Order Id)",
              "nativeQueryRef": "Count of Order ID",
              "displayName": "Count of Order ID"
            }
          ]
        }
      },
      "sortDefinition": {
        "sort": [
          {
            "field": {
              "Aggregation": {
                "Expression": {
                  "Column": {
                    "Expression": {
                      "SourceRef": {
                        "Entity": "Order_details"
                      }
                    },
                    "Property": "Order Id"
                  }
                },
                "Function": 5
              }
            },
            "direction": "Descending"
          }
        ],
        "isDefaultSort": true
      }
    },
    "objects": {
      "categoryAxis": [
        {
          "properties": {
            "titleText": {
              "expr": {
                "Literal": {
                  "Value": "'Food Category'"
                }
              }
            },
            "show": {
              "expr": {
                "Literal": {
                  "Value": "true"
                }
              }
            },
            "showAxisTitle": {
              "expr": {
                "Literal": {
                  "Value": "true"
                }
              }
            }
          }
        }
      ],
      "valueAxis": [
        {
          "properties": {
            "showAxisTitle": {
              "expr": {
                "Literal": {
                  "Value": "true"
                }
              }
            }
          }
        }
      ]
    },
    "visualContainerObjects": {
      "title": [
        {
          "properties": {
            "text": {
              "expr": {
                "Literal": {
                  "Value": "'Order Value Distribution'"
                }
              }
            }
          }
        }
      ],
      "border": [
        {
          "properties": {
            "show": {
              "expr": {
                "Literal": {
                  "Value": "true"
                }
              }
            }
          }
        }
      ]
    },
    "drillFilterOtherVisuals": true
  }
}