{
  "$schema": "https://developer.microsoft.com/json-schemas/fabric/item/report/definition/visualContainer/2.4.0/schema.json",
  "name": "601932792a041e5b2093",
  "position": {
    "x": 164.58629204177723,
    "y": 390.73539561063143,
    "z": 3000,
    "height": 301.53213809180556,
    "width": 1025.2092695121389,
    "tabOrder": 3000
  },
  "visual": {
    "visualType": "treemap",
    "query": {
      "queryState": {
        "Details": {
          "projections": [
            {
              "field": {
                "Column": {
                  "Expression": {
                    "SourceRef": {
                      "Entity": "Restaurant_details"
                    }
                  },
                  "Property": "Food Category"
                }
              },
              "queryRef": "Restaurant_details.Food Category",
              "nativeQueryRef": "Food Category"
            }
          ]
        },
        "Group": {
          "projections": [
            {
              "field": {
                "Column": {
                  "Expression": {
                    "SourceRef": {
                      "Entity": "Order_details"
                    }
                  },
                  "Property": "Type Of Order"
                }
              },
              "queryRef": "Order_details.Type Of Order",
              "nativeQueryRef": "Type of Order",
              "active": true,
              "displayName": "Type of Order"
            }
          ]
        },
        "Tooltips": {
          "projections": [
            {
              "field": {
                "Aggregation": {
                  "Expression": {
                    "Column": {
                      "Expression": {
                        "SourceRef": {
                          "Entity": "Restaurant_details"
                        }
                      },
                      "Property": "Dine-in Available"
                    }
                  },
                  "Function": 3
                }
              },
              "queryRef": "Min(Restaurant_details.Dine-in Available)",
              "nativeQueryRef": "Dine-in Available",
              "displayName": "Dine-in Available"
            },
            {
              "field": {
                "Aggregation": {
                  "Expression": {
                    "Column": {
                      "Expression": {
                        "SourceRef": {
                          "Entity": "Restaurant_details"
                        }
                      },
                      "Property": "Cuisine Type"
                    }
                  },
                  "Function": 3
                }
              },
              "queryRef": "Min(Restaurant_details.Cuisine Type)",
              "nativeQueryRef": "Cuisine",
              "displayName": "Cuisine"
            }
          ]
        },
        "Values": {
          "projections": [
            {
              "field": {
                "Measure": {
                  "Expression": {
                    "SourceRef": {
                      "Entity": "Order_details"
                    }
                  },
                  "Property": "Total Sales"
                }
              },
              "queryRef": "Order_details.Total Sales",
              "nativeQueryRef": "Total Sales"
            }
          ]
        }
      }
    },
    "visualContainerObjects": {
      "title": [
        {
          "properties": {
            "text": {
              "expr": {
                "Literal": {
                  "Value": "'Restaurant Performance'"
                }
              }
            }
          }
        }
      ],
      "border": [
        {
          "properties": {
            "show": {
              "expr": {
                "Literal": {
                  "Value": "true"
                }
              }
            }
          }
        }
      ]
    },
    "drillFilterOtherVisuals": true
  }
}