{
  "$schema": "https://developer.microsoft.com/json-schemas/fabric/item/report/definition/visualContainer/2.4.0/schema.json",
  "name": "1363f52304b3548b88b8",
  "position": {
    "x": 722.42074751161749,
    "y": 60.30642761836112,
    "z": 2000,
    "height": 314.09597717896418,
    "width": 438.47798414183393,
    "tabOrder": 2000
  },
  "visual": {
    "visualType": "scatterChart",
    "query": {
      "queryState": {
        "Series": {
          "projections": [
            {
              "field": {
                "Column": {
                  "Expression": {
                    "SourceRef": {
                      "Entity": "Delivery_person_details"
                    }
                  },
                  "Property": "Type_of_vehicle"
                }
              },
              "queryRef": "Delivery_person_details.Type_of_vehicle",
              "nativeQueryRef": "Type of Vehicle",
              "displayName": "Type of Vehicle"
            }
          ]
        },
        "Size": {
          "projections": [
            {
              "field": {
                "Aggregation": {
                  "Expression": {
                    "Column": {
                      "Expression": {
                        "SourceRef": {
                          "Entity": "Delivery_person_details"
                        }
                      },
                      "Property": "Vehicle_condition"
                    }
                  },
                  "Function": 5
                }
              },
              "queryRef": "CountNonNull(Delivery_person_details.Vehicle_condition)",
              "nativeQueryRef": "Vehicle Condition",
              "displayName": "Vehicle Condition"
            }
          ]
        },
        "X": {
          "projections": [
            {
              "field": {
                "Column": {
                  "Expression": {
                    "SourceRef": {
                      "Entity": "Delivery_person_details"
                    }
                  },
                  "Property": "Delivery_person_Age"
                }
              },
              "queryRef": "Delivery_person_details.Delivery_person_Age",
              "nativeQueryRef": "Delivery Person Age",
              "active": true,
              "displayName": "Delivery Person Age"
            }
          ]
        },
        "Y": {
          "projections": [
            {
              "field": {
                "Aggregation": {
                  "Expression": {
                    "Column": {
                      "Expression": {
                        "SourceRef": {
                          "Entity": "Delivery_details"
                        }
                      },
                      "Property": "Time Taken (Min)"
                    }
                  },
                  "Function": 1
                }
              },
              "queryRef": "Sum(Delivery_details.Time Taken (Min))",
              "nativeQueryRef": "Average Time taken",
              "displayName": "Average Time taken"
            }
          ]
        }
      }
    },
    "objects": {
      "categoryAxis": [
        {
          "properties": {
            "showAxisTitle": {
              "expr": {
                "Literal": {
                  "Value": "true"
                }
              }
            },
            "titleText": {
              "expr": {
                "Literal": {
                  "Value": "'Delivery Person Age'"
                }
              }
            }
          }
        }
      ],
      "valueAxis": [
        {
          "properties": {
            "showAxisTitle": {
              "expr": {
                "Literal": {
                  "Value": "true"
                }
              }
            },
            "titleText": {
              "expr": {
                "Literal": {
                  "Value": "'Average Time Taken'"
                }
              }
            }
          }
        }
      ]
    },
    "visualContainerObjects": {
      "title": [
        {
          "properties": {
            "text": {
              "expr": {
                "Literal": {
                  "Value": "'Delivery Person Efficiency'"
                }
              }
            }
          }
        }
      ],
      "border": [
        {
          "properties": {
            "show": {
              "expr": {
                "Literal": {
                  "Value": "true"
                }
              }
            }
          }
        }
      ]
    },
    "drillFilterOtherVisuals": true
  }
}