{
  "$schema": "https://developer.microsoft.com/json-schemas/fabric/item/report/definition/visualContainer/2.4.0/schema.json",
  "name": "83244199189c1e655200",
  "position": {
    "x": 741.03654167661807,
    "y": 134.51158347265346,
    "z": 8000,
    "height": 177.31072366849773,
    "width": 264.13183663721043,
    "tabOrder": 8000
  },
  "visual": {
    "visualType": "card",
    "query": {
      "queryState": {
        "Values": {
          "projections": [
            {
              "field": {
                "Measure": {
                  "Expression": {
                    "SourceRef": {
                      "Entity": "Order_details"
                    }
                  },
                  "Property": "Total Sales for Drinks"
                }
              },
              "queryRef": "Order_details.Total Sales for Drinks",
              "nativeQueryRef": "Total Sales for Drinks"
            }
          ]
        }
      },
      "sortDefinition": {
        "sort": [
          {
            "field": {
              "Measure": {
                "Expression": {
                  "SourceRef": {
                    "Entity": "Order_details"
                  }
                },
                "Property": "Total Sales for Drinks"
              }
            },
            "direction": "Descending"
          }
        ],
        "isDefaultSort": true
      }
    },
    "drillFilterOtherVisuals": true
  }
}