{
  "$schema": "https://developer.microsoft.com/json-schemas/fabric/item/report/definition/visualContainer/2.4.0/schema.json",
  "name": "73a4fc13909082d406e2",
  "position": {
    "x": 34.239312156675425,
    "y": 489.13303080964891,
    "z": 12000,
    "height": 118.61475997133986,
    "width": 408.42608072605685,
    "tabOrder": 12000
  },
  "visual": {
    "visualType": "slicer",
    "query": {
      "queryState": {
        "Values": {
          "projections": [
            {
              "field": {
                "Column": {
                  "Expression": {
                    "SourceRef": {
                      "Entity": "Restaurant_details"
                    }
                  },
                  "Property": "Food Category"
                }
              },
              "queryRef": "Restaurant_details.Food Category",
              "nativeQueryRef": "Food Category",
              "active": true
            },
            {
              "field": {
                "Column": {
                  "Expression": {
                    "SourceRef": {
                      "Entity": "Order_details"
                    }
                  },
                  "Property": "Type Of Order"
                }
              },
              "queryRef": "Order_details.Type Of Order",
              "nativeQueryRef": "Type Of Order",
              "active": true
            }
          ]
        }
      }
    },
    "expansionStates": [
      {
        "roles": [
          "Values"
        ],
        "levels": [
          {
            "queryRefs": [
              "Restaurant_details.Food Category"
            ],
            "isCollapsed": true,
            "identityKeys": [
              {
                "Column": {
                  "Expression": {
                    "SourceRef": {
                      "Entity": "Restaurant_details"
                    }
                  },
                  "Property": "Food Category"
                }
              }
            ],
            "isPinned": true
          },
          {
            "queryRefs": [
              "Order_details.Type Of Order"
            ],
            "isCollapsed": true,
            "isPinned": true
          }
        ],
        "root": {
          "children": [
            {
              "identityValues": [
                {
                  "Literal": {
                    "Value": "null"
                  }
                }
              ],
              "isToggled": true
            }
          ]
        }
      }
    ],
    "objects": {
      "data": [
        {
          "properties": {
            "mode": {
              "expr": {
                "Literal": {
                  "Value": "'Dropdown'"
                }
              }
            }
          }
        }
      ]
    },
    "drillFilterOtherVisuals": true
  }
}