{
  "$schema": "https://developer.microsoft.com/json-schemas/fabric/item/report/definition/visualContainer/2.4.0/schema.json",
  "name": "a101ab1c89d7e8ac78e8",
  "position": {
    "x": 1018.6195366610939,
    "y": 311.82230714115121,
    "z": 3000,
    "height": 177.31072366849773,
    "width": 261.68617148316218,
    "tabOrder": 3000
  },
  "visual": {
    "visualType": "card",
    "query": {
      "queryState": {
        "Values": {
          "projections": [
            {
              "field": {
                "Measure": {
                  "Expression": {
                    "SourceRef": {
                      "Entity": "Order_details"
                    }
                  },
                  "Property": "On-time Delivery %"
                }
              },
              "queryRef": "Order_details.On-time Delivery %",
              "nativeQueryRef": "On-time Delivery %"
            }
          ]
        }
      },
      "sortDefinition": {
        "sort": [
          {
            "field": {
              "Measure": {
                "Expression": {
                  "SourceRef": {
                    "Entity": "Order_details"
                  }
                },
                "Property": "On-time Delivery %"
              }
            },
            "direction": "Descending"
          }
        ],
        "isDefaultSort": true
      }
    },
    "drillFilterOtherVisuals": true
  }
}