{
  "version": "1.1.0",
  "diagrams": [
    {
      "ordinal": 0,
      "scrollPosition": {
        "x": 0,
        "y": 0
      },
      "nodes": [
        {
          "location": {
            "x": 52.1847511806298,
            "y": 234.80000305175781
          },
          "nodeIndex": "Delivery_details",
          "nodeLineageTag": "229efe80-4c4b-4638-8db5-86b32f87ddec",
          "size": {
            "height": 300,
            "width": 234
          },
          "zIndex": 0
        },
        {
          "location": {
            "x": 68,
            "y": 0
          },
          "nodeIndex": "Delivery_person_details",
          "nodeLineageTag": "139a6778-cfcc-4e28-bdb1-23c4c2a3454d",
          "size": {
            "height": 176,
            "width": 234
          },
          "zIndex": 0
        },
        {
          "location": {
            "x": 347.36163941535983,
            "y": 0
          },
          "nodeIndex": "Order_details",
          "nodeLineageTag": "652b1c2f-4fba-4797-81d3-5fe55a476978",
          "size": {
            "height": 300,
            "width": 234
          },
          "zIndex": 0
        },
        {
          "location": {
            "x": 602.36163941535983,
            "y": 314.66249631621747
          },
          "nodeIndex": "Restaurant_details",
          "nodeLineageTag": "7dba9dde-101c-47a1-b0ab-5f5c15e42d75",
          "size": {
            "height": 200,
            "width": 234
          },
          "zIndex": 0
        },
        {
          "location": {
            "x": 732.36163941535983,
            "y": 0
          },
          "nodeIndex": "User_details",
          "nodeLineageTag": "748d6aa9-c2fe-429b-ae94-c5a67002cf75",
          "size": {
            "height": 224,
            "width": 234
          },
          "zIndex": 0
        }
      ],
      "name": "All tables",
      "zoomValue": 100,
      "pinKeyFieldsToTop": false,
      "showExtraHeaderInfo": false,
      "hideKeyFieldsWhenCollapsed": false,
      "tablesLocked": false
    }
  ],
  "selectedDiagram": "All tables",
  "defaultDiagram": "All tables"
}